id,title,sentences,words
0,中華民國政治, 中華民國政治 是指於1912年創建中華民國政府
0,中華民國政治,期間在大陸時期經歷瞭南京臨時政府、北洋政府和國民政府
0,中華民國政治,並在行憲後於1948年正式改組
0,中華民國政治,1950年遷至臺灣地區後運作至今
0,中華民國政治, 國體、政體與憲法 根據《中華民國憲法》中華民國基於三民主義
0,中華民國政治,國體為共和國體
0,中華民國政治,政體為民主政體
0,中華民國政治,中華民國實質民主化則是在1980至1990年代進行（參見上圖的政體歷史變化）
0,中華民國政治,根據政體資料集截至2010年 的資料
0,中華民國政治,自政黨閤法化且在90年代起的競爭性選舉
0,中華民國政治,對行政權力提供瞭許多有效的約
0,中華民國政治,因此從那時開始被分類為民主政體
0,中華民國政治, 《中華民國憲法》是中華民國的根本法律
0,中華民國政治,於1946年時中國國民黨主政之國民政府還在中國大陸時起草
0,中華民國政治,也是針對全中國而設計的
0,中華民國政治,在1947年12月25日正式生效
0,中華民國政治,1949年中華民國政府遷到颱灣時
0,中華民國政治,沿用瞭整套原來在南京製定的中央政府機製
0,中華民國政治,直到1990年代開始對憲法的進行重大修正
0,中華民國政治,在憲法中增修加入瞭很多專門針對颱灣所設計的條款
0,中華民國政治, 在1991年以前
0,中華民國政治,中華民國政府一直沒有公開放棄收復整個大陸地區的努力
0,中華民國政治,1991年李登輝總統在非官方場閤已經放棄瞭對中國大陸主權的宣示
0,中華民國政治,認為共產黨控製整個中國大陸是不爭的事實
0,中華民國政治,然而整個政府結構依然存在
0,中華民國政治,憲法上也沒有正式放棄對中國大陸的主權
0,中華民國政治,因為這樣做有可能引起有關兩國論及颱灣獨立問題的爭議
0,中華民國政治, 國民大會是1947年在中國大陸選舉產生的
0,中華民國政治,而國大代錶具有選舉總統的職權
0,中華民國政治,在1949年國民政府搬到颱灣後繼續運作
0,中華民國政治,但是由於已經不可能在中國大陸舉行換屆選舉
0,中華民國政治,19471948年間選舉產生的國大代錶在1954年原任期屆滿後採無限期留任（萬年國代）
0,中華民國政治,直到1990年6月大法官會議決定
0,中華民國政治,在國民大會、立法院以及其他政府機構內所有的無限期留任代錶必須從1991年12月31日起退休
0,中華民國政治,始結束長達44年的任期
0,中華民國政治, 第二屆國民大會在1991年選舉產生
0,中華民國政治,共有325名國大代錶
0,中華民國政治,大部分代錶是直接民選產生
0,中華民國政治,100人則是根據政黨得票率按比例分配
0,中華民國政治,這屆國大在1994年修改瞭憲法
0,中華民國政治,通過修憲案允許總統直接民選
0,中華民國政治,為1996年3月舉行的總統、副總統直選鋪路
0,中華民國政治,同時選齣的第三屆國民大會依然擁有修憲、彈劾總統、副總統等權力
0,中華民國政治, 2000年4月
0,中華民國政治,國大代錶投票決定
0,中華民國政治,這屆國大結束後不再舉行選舉
0,中華民國政治,國大僅在需要時纔會選舉並重新開會
0,中華民國政治,修憲後國大的大部分職責已經轉交立法院
0,中華民國政治,其中也包括瞭彈劾總統的權力
0,中華民國政治,2004年立法院通過修憲提案將國民大會實際廢除
0,中華民國政治,此提案經2005年任務型國民大會決議通過後
0,中華民國政治,國大走入歷史 2018年7月1日
0,中華民國政治,臺灣省政府機關預算歸零、所有員額與業務由中央相關部會承接
0,中華民國政治,行政院不再派任臺灣省政府主席
0,中華民國政治,實質上已廢止但因未修改憲法條文
0,中華民國政治,故名義上依然存在
0,中華民國政治, 福建省政府亦機關預算歸零
0,中華民國政治,所有員額與業務移撥予2017年1月18日成立的行政院金馬聯閤服務中心接手執行
0,中華民國政治,由於省府是憲政機關
0,中華民國政治,非修憲不得廢除
0,中華民國政治,因此福建省政府名銜仍存在
0,中華民國政治,自2019年1月1日起實質上裁撤
0,中華民國政治,不再編列員額與預算
0,中華民國政治,僅依法留下省政府名稱及省主席職位
0,中華民國政治, 中央政府製度 總統、副總統 總統、副總統任期4年
0,中華民國政治,總統為國傢元首
0,中華民國政治,對外代錶國傢統率全國陸海空軍
0,中華民國政治,依法公布法律、發布命令、宣布戒嚴、任免文武官員、授與榮典、行使大赦、特赦、減刑及復權之權
0,中華民國政治,以及行使締結條約及宣戰、媾和之權
0,中華民國政治,總統依據憲法行使職權
0,中華民國政治,設總統府置秘書長1人、副秘書長2人
0,中華民國政治,另有資政、國策顧問及戰略顧問
0,中華民國政治,對國傢大計及戰略、國防等事項
0,中華民國政治,嚮總統提供意見
0,中華民國政治,並備諮詢總統任期四年
0,中華民國政治,隻可以連任一次
0,中華民國政治, 根據憲法五權分立的精神設立 五院 
0,中華民國政治,即行政院、立法院、監察院、考試院和司法院
0,中華民國政治, 行政院 為國傢最高行政機關
0,中華民國政治,置院長1人由總統任命；副院長1人
0,中華民國政治,部會首長及不管部會之政務委員
0,中華民國政治,均由行政院院長提請總統任命
0,中華民國政治,共同組成行政院會議
0,中華民國政治,以院長為主席議決重大施政方針及嚮立法院提齣法律、預算、戒嚴、大赦、宣戰、媾和、條約等案
0,中華民國政治, 立法院 為國傢最高立法機關
0,中華民國政治,由人民直接選舉之立法委員組成
0,中華民國政治,代錶人民行使立法權
0,中華民國政治,立法院得對行政院院長提齣不信任案
0,中華民國政治,對總統、副總統提彈劾和罷免案
0,中華民國政治,修憲和領土變更案；及對司法院、監察院、考試院及獨立機關首長和其他人員之任命行使同意權
0,中華民國政治,並有議決法律案、預算案、戒嚴案、大赦案、宣戰案、媾和案、條約案及國傢其他重要事項之職權
0,中華民國政治,立法院置院長、副院長各1人
0,中華民國政治,由立法委員互選產生
0,中華民國政治,立法委員113人
0,中華民國政治,任期4年得連選連任
0,中華民國政治,有嚮行政院院長及各部會首長質詢之權
0,中華民國政治,並可以決議或覆議行政院重要政策
0,中華民國政治, 司法院 為國傢最高司法機關
0,中華民國政治,掌理解釋權、審判權、懲戒權、司法行政權
0,中華民國政治,司法院置大法官15人
0,中華民國政治,並以其中1人為院長、1人為副院長
0,中華民國政治,由總統提名經立法院同意任命
0,中華民國政治,大法官以會議方式行使解釋憲法及統一解釋法律、命令之職權
0,中華民國政治,並組成憲法法庭
0,中華民國政治,審理總統、副總統之彈劾及政黨違憲之解散事項
0,中華民國政治,憲法規定法官須超齣黨派以外
0,中華民國政治,獨立審判並為終身職
0,中華民國政治,司法院設各級法院、行政法院及公務員懲戒委員會
0,中華民國政治, 考試院 為國傢最高考試機關
0,中華民國政治,置院長、副院長各1人
0,中華民國政治,考試委員19人
0,中華民國政治,均為特任任期為6年
0,中華民國政治,由總統提名經立法院同意任命之
0,中華民國政治,考試委員須超齣黨派以外
0,中華民國政治,依法獨立行使職權
0,中華民國政治,考試院之職掌依憲法增修條文第6條規定為： 考試
0,中華民國政治, 公務人員之銓敘、保障、撫卹、退休
0,中華民國政治, 公務人員任免、考績、級俸、陞遷、褒獎之法製事項
0,中華民國政治, 考試院下設考選部、銓敘部、公務人員保障暨培訓委員會及公務人員退休撫卹基金監理委員會
0,中華民國政治, 監察院 為國傢最高監察機關
0,中華民國政治,行使彈劾、糾舉及審計權
0,中華民國政治,置監察委員29人
0,中華民國政治,並以其中1人為院長
0,中華民國政治,1人為副院長任期6年
0,中華民國政治,由總統提名經立法院同意任命之
0,中華民國政治,監察委員須超齣黨派以外
0,中華民國政治,依據法律獨立行使職權
0,中華民國政治,監察院設審計長
0,中華民國政治,由總統提名經立法院同意任命
0,中華民國政治,審計長應於行政院提齣決算後3個月內
0,中華民國政治,依法完成審核並提齣審核報告於立法院
0,中華民國政治,監察院為行使審計權
0,中華民國政治,設審計部 中央政府領導人 總統蔡英文 （ 民主進步黨） 副總統 陳建仁 總統府 秘書長 陳菊（ 民主進步黨） 國傢安全會議 秘書長 李大維（ 中國國民黨停權） 行政區域 自1949年12月起中華民國政府播遷臺灣地區
0,中華民國政治,1955年大陳島撤退之後實際統治範圍包括臺灣島、澎湖列島、金門、馬祖及蘭嶼、綠島、龜山島、彭佳嶼、小琉球、東沙群島、南沙群島太平島、中洲島等島嶼
0,中華民國政治, 中華民國全國劃分為二省六直轄市；其中臺灣省劃分3市11縣
0,中華民國政治,福建省劃分2縣
0,中華民國政治,1998年精省後
0,中華民國政治,省、直轄市政府的上級政府仍為行政院
0,中華民國政治,縣（市）政府的上級政府從省政府改為以內政部為首的行政院各部會
0,中華民國政治, 由《商業周刊》、393公民平颱、颱灣經濟研究院顧問黃崇哲等學者做的財政昏迷指數評比2001年到2012年颱灣各縣市多項財政能力
0,中華民國政治,如永續服務、決算預算支應、償債審核資料及現金償付等
0,中華民國政治,發現部份縣市的財政存有不少問題
0,中華民國政治, 政黨 2000年颱灣總統大選及2001年立法委員選舉後
0,中華民國政治,颱灣政壇分裂齣瞭很多新的政黨
0,中華民國政治,這些政黨可以被大緻分為以中國國民黨為主的“泛藍陣營”和以民主進步黨為主的“泛綠陣營”
0,中華民國政治,泛藍主張維持現狀或兩岸統一成為一個國傢
0,中華民國政治,而泛綠則主張颱灣獨立以颱灣國身份加入國際社會
0,中華民國政治,颱灣的政治體係還由於其差額選舉等製度而更加複雜化
0,中華民國政治,“泛藍陣營”中的“藍色”來自中國國民黨黨旗的主要顏色
0,中華民國政治,主要包括的政黨有國民黨、親民黨
0,中華民國政治,不過近年親民黨在諸多議題上的態度與國民黨大相逕庭
0,中華民國政治,甚至開始支持泛綠陣營的一些政策與其閤作
0,中華民國政治,因此不再把親民黨歸為泛藍陣營
0,中華民國政治,“泛綠陣營”中的“綠色”來自民進黨黨旗的主要顏色
0,中華民國政治,主要的政黨包括瞭民進黨和時代力量
0,中華民國政治, 2014年發生太陽花學運間接造就第三勢力時代力量及綠黨社會民主黨聯盟等興起
0,中華民國政治, 2016年中華民國立法委員選舉
0,中華民國政治,共有18個政黨參與不分區席次選舉
0,中華民國政治,為歷來最多 2017年11月
0,中華民國政治,中華民國通過政黨法規範政黨成立、解散與財產管理
0,中華民國政治,有關政黨的法規仍然由人民團體法作為法源依據
0,中華民國政治,也由於人民團體法規範寬鬆
0,中華民國政治,籌組政黨的手續僅需30人發起即可
0,中華民國政治,造成許多泡沫政黨齣現
0,中華民國政治,使得政黨林立目前有逾300個政黨；另外政黨公平競爭的問題（中國國民黨黨產爭議）也未獲解決
0,中華民國政治,不過政黨在全國有效運作的
0,中華民國政治,隻有約十五至二十個
0,中華民國政治,而在立法院擁有議席的政黨有五個
0,中華民國政治, 選舉 1949年國民政府遷颱
0,中華民國政治,並且實施戒嚴令
0,中華民國政治,為瞭與中國共產黨對抗
0,中華民國政治,戒嚴令賦予總統無限的獨裁權力
0,中華民國政治,戒嚴令也禁止任何個人或團體發佈不同言論
0,中華民國政治,當時發佈與當權者不同的言論如支援黨外運動、支援颱獨或支援中共及親中共都會招緻被捕
0,中華民國政治, 1987年時任總統蔣經國宣佈解嚴開放黨禁報禁
0,中華民國政治,這個變化是1980年代開始的自由化趨勢的結果
0,中華民國政治,1988年1月13日蔣經國去世後
0,中華民國政治,副總統李登輝順利繼任
0,中華民國政治,並在1990年中華民國總統選舉由國民大會選舉連任六年
0,中華民國政治,這也是國民大會所選齣的最後一屆總統選舉
0,中華民國政治,1996年中華民國總統選舉後
0,中華民國政治,中國國民黨的李登輝與連戰成為首任民選總統、副總統
0,中華民國政治,2000年中華民國總統選舉
0,中華民國政治,民主進步黨的陳水扁與呂秀蓮當選為總統、副總統
0,中華民國政治,當時成立隻有十三年的民進黨上颱執政
0,中華民國政治,是為首次政黨輪替
0,中華民國政治,陳呂兩人並於2004年中華民國總統選舉連任
0,中華民國政治,2008年中華民國總統選舉則由國民黨的馬英九與蕭萬長以765萬票獲選為中華民國第12任總統副總統
0,中華民國政治,是為二次政黨輪替
0,中華民國政治,2012年中華民國總統選舉時馬改和時任行政院長吳敦義搭檔競選連任
0,中華民國政治,以689萬票連任成功
0,中華民國政治,2016年中華民國總統選舉
0,中華民國政治,民進黨的蔡英文及無黨籍的陳建仁
0,中華民國政治,以689萬票當選
0,中華民國政治, 1994年國民大會通過修憲允許總統直選之後
0,中華民國政治,立法院也在同一年通過省縣自治法與直轄市自治法
0,中華民國政治,允許 颱灣省長 以及 直轄市長 直選（福建省主席仍然維持官派）
0,中華民國政治,在1994年中華民國省市長暨省市議員選舉舉行的颱北市、原高雄市兩市市長直選中
0,中華民國政治,國民黨的吳敦義贏得瞭高雄市長選舉
0,中華民國政治,而民進黨的陳水扁贏得瞭颱北市長選舉
0,中華民國政治,1998年中華民國直轄市市長暨市議員選舉
0,中華民國政治,國民黨的馬英九在颱北市反挫民進黨的陳水扁
0,中華民國政治,藍營收迴颱北市長席次
0,中華民國政治,但在高雄市民進黨的謝長廷卻擊敗瞭國民黨的吳敦義
0,中華民國政治,兩黨依然繼續分庭抗禮
0,中華民國政治, 1998年政府為瞭解決中央與省縣行政區的過度重疊而通過瞭 省虛級化 （精省）的方案
0,中華民國政治,政府宣佈這個舉措是為瞭提高行政效率
0,中華民國政治,民選的颱灣省長在1998年底被撤銷
0,中華民國政治,改為官派的省主席
0,中華民國政治,一般認為是時任總統李登輝為瞭避免與時任颱灣省長宋楚瑜產生葉爾欽效應纔實施的
0,中華民國政治,而在1997年中華民國縣市長選舉中
0,中華民國政治,綠營取得瞭23個縣市中12個縣的縣長職務
0,中華民國政治,而藍營隻取得瞭8個縣
0,中華民國政治,這是綠營第一次在地方選舉中力挫藍營
0,中華民國政治,在2001年中華民國縣市長選舉中
0,中華民國政治,綠營一舉奪下大肚溪以南除雲林縣、嘉義市外的所有縣市長席位
0,中華民國政治,但在濁水溪以北僅力保颱北縣及宜蘭縣連任成功
0,中華民國政治,藍營則從綠營手中奪迴桃園縣、基隆市、新竹縣、新竹市、颱中縣、原颱中市的縣市長寶座
0,中華民國政治,2005年中華民國地方公職人員選舉
0,中華民國政治,藍營從綠營手上奪得綠營長期執政的颱北縣、宜蘭縣及嘉義市
0,中華民國政治,2009年中華民國地方公職人員選舉中
0,中華民國政治,民進黨奪迴宜蘭縣
0,中華民國政治,國民黨雖奪迴外島金門縣和連江縣
0,中華民國政治,但失去長期執政的花蓮縣
0,中華民國政治, 2010年中華民國直轄市長暨市議員選舉首次五都選舉
0,中華民國政治,執政的藍營守住瞭北中三都颱北市、新北市和颱中市
0,中華民國政治,在野民進黨也保住瞭南二都颱南市和高雄市
0,中華民國政治, 2014年九閤一選舉於該年11月29日舉行
0,中華民國政治,本屆選舉由中華民國自由地區之直轄市（6都）選齣新一屆的直轄市長、直轄市議員及裏長
0,中華民國政治,另加首屆山地原住民區長及區民代錶
0,中華民國政治,並由颱灣省（11縣3市）及福建省（2縣）中
0,中華民國政治,選齣新一屆的縣市長、縣市議員、鄉鎮市長、鄉鎮市民代錶及村裏長
0,中華民國政治,本屆選舉是颱灣政治史上最大規模的地方選舉
0,中華民國政治,國內地方執政版圖巨幅震盪
0,中華民國政治,執政的藍營遭受到前所未有的嚴重挫敗
0,中華民國政治,由選前4都11縣市萎縮至1都5縣
0,中華民國政治,在野的綠營則由選前的2都4縣擴張為4都9縣市
0,中華民國政治,颱大醫院創傷醫學部主任、颱大醫學院教授柯文哲與綠營共組在野大聯盟
0,中華民國政治,內部民調領先獲得民進黨不提名禮讓
0,中華民國政治,以無黨籍的身分擊敗國民黨榮譽主席連戰之子連勝文
0,中華民國政治,當選颱北市長國民黨失去長期執政的颱北市
0,中華民國政治, 2016年中華民國總統副總統及立法委員選舉
0,中華民國政治,民進黨主席兼總統候選人蔡英文擊敗瞭時任國民黨主席兼總統候選人
0,中華民國政治,新北市長硃立倫及親民黨主席兼總統候選人宋楚瑜
0,中華民國政治,當選中華民國第十四任總統
0,中華民國政治,為第三次政黨輪替；立委選舉方麵民進黨拿到68席
0,中華民國政治,首次取得立法院的控製權
0,中華民國政治,國民黨無法保住過半席次隻拿下35席
0,中華民國政治,再度淪為最大在野黨
0,中華民國政治,綠營首度完全執政
0,中華民國政治, 颱灣媒體有所謂北藍南綠說法
0,中華民國政治,意即以濁水溪為界以北泛藍支持者較多
0,中華民國政治,以南則為泛綠然而此說是很粗略的劃分
0,中華民國政治,完全不能代錶實況
0,中華民國政治,事實上颱灣大多數區域藍綠支持度皆在伯仲之間
0,中華民國政治,此現象造成颱灣選舉格外激烈
0,中華民國政治,甚至有割喉戰之說
0,中華民國政治,參見北藍南綠 2018年地方公職人員選舉中
0,中華民國政治,涉及立法委員蘇治芬等人的臺灣省雲林縣麥寮鄉鄉長選舉爭議齣現同額競選
0,中華民國政治,但當選人蔡長昆僅以8068票
0,中華民國政治,無效選票卻是1萬6083票
0,中華民國政治,廢票是得票的兩倍
0,中華民國政治,創下該國自由地區政治史紀錄
0,中華民國政治, 選舉權及被選舉權 中華民國自由地區
0,中華民國政治,年滿18歲以上之國民
0,中華民國政治,未受監護宣告並在該選舉區設籍滿半年者
0,中華民國政治,均可行使創製、複決權
0,中華民國政治, 中華民國自由地區
0,中華民國政治,年滿20歲以上之國民
0,中華民國政治,未受監護宣告並在該選舉區設籍滿四個月或半年者
0,中華民國政治,均可行使選舉、罷免權
0,中華民國政治, 年滿23歲以上
0,中華民國政治,未受褫奪公權、輔助宣告、監護宣告
0,中華民國政治,並在該選舉區設籍滿四個月或半年者
0,中華民國政治,擁有被選舉權依序如下: 年滿23歲以上
0,中華民國政治,可參選民意代錶（立法委員、直轄市議員、縣市議員、鄉鎮市區民代錶、村裏長）
0,中華民國政治, 年滿26歲以上
0,中華民國政治,可參選鄉鎮市區長
0,中華民國政治, 年滿30歲以上
0,中華民國政治,可參選直轄市長、縣（市）長
0,中華民國政治, 年滿40歲以上
0,中華民國政治,可參選總統、副總統
0,中華民國政治, 人權狀況 政治權利 新聞自由 自1987年解嚴以來
0,中華民國政治,颱灣的新聞媒體已由原先國民黨的傳聲筒
0,中華民國政治,演變成能對時政自由批評的第四權
0,中華民國政治, 現今大眾認為
0,中華民國政治,由於新聞的八卦化
0,中華民國政治,使得新聞逐漸失去專業與道德；而由於媒體本身有強烈的立場
0,中華民國政治,颱灣的新聞很少能做齣公正客觀的論述（特別是對於政治方麵）
0,中華民國政治,同時也有人譴責颱灣媒體破壞人權（參見颱灣媒體爭議）
0,中華民國政治, 有關新聞自由的相關事件 2005年8月
0,中華民國政治,中華民國新聞局對有線電視業者進行換發執照審查
0,中華民國政治,結果有七傢電視颱因未通過審查而被撤照關颱
0,中華民國政治,其中包括一傢新聞颱東森新聞颱
0,中華民國政治,此舉立即引起軒然大波：部份人士（特別是媒體人）認為這是政府抑製新聞自由的行為；另一部分則認為新聞颱早已需要整頓
0,中華民國政治,政府本應有所作為
0,中華民國政治, 同年10月新聞局對另一傢電視颱展開公司資產結構閤法性的調查
0,中華民國政治,該調查結果將會涉及的存續；由於時間敏感（同一周的政論節目2100全民開講揭發政府高雄捷運外勞弊案的醜聞）
0,中華民國政治,媒體批評政府是有意要報復
0,中華民國政治, 但是 颱灣媒體經常侵犯人權 （詳見颱灣媒體爭議）
0,中華民國政治,而許多媒體以新聞自由為藉口
0,中華民國政治,閤理化其破壞人權的行為
0,中華民國政治, 外籍勞工、新移民、中國大陸居民權利 雖然在法律上
0,中華民國政治,在颱灣地區工作的外國人都屬於外籍勞工
0,中華民國政治,但一般所稱的外勞指的乃是從事較低階工作、體力勞動、或幫傭的外勞
0,中華民國政治,他們大多來自生活條件較差的東南亞等地
0,中華民國政治,與一般印象中從事美語教學或者管理階層工作的外國人不同
0,中華民國政治, 有些人認為外勞目前在颱灣地區的遭遇是官方法令限製、雇主與仲介業者的剝削、社會的歧視三者的混閤
0,中華民國政治,官方法令的限製製造瞭雇主與仲介業者剝削外勞的溫床
0,中華民國政治,而本地人在失業率偏高以及對外勞不瞭解的情況下
0,中華民國政治,對其產生排擠的情緒
0,中華民國政治,而這樣的情形必須透過修法保障更多外勞人權以及整個社會的教育來解決
0,中華民國政治, 有些人認為近年颱灣地區人民晚婚或不婚化現象嚴重
0,中華民國政治,又受傳統觀念不孝有三
0,中華民國政治,無後為大等等因素影響
0,中華民國政治,未婚男性自國外尋找婚配對象亦成一社會現象
0,中華民國政治,這些颱灣的媳婦由齣身國傢的不同也被稱做越南新娘印尼新娘大陸新娘等等
0,中華民國政治,她們與她們的第二代已成為構成颱灣地區社會的族群之一
0,中華民國政治,融入瞭颱灣生活
0,中華民國政治,被認為是新颱灣人的一份子
0,中華民國政治,她們對於颱灣地區社會有很大的貢獻
0,中華民國政治,但不可否認的有些外籍新娘確實因為傢庭內暴力、夫方傢庭的不諒解、語言隔閡、或是因教育程度不及颱灣一般水準而受到歧視等等
0,中華民國政治,在身體心理上遭受到瞭痛苦
0,中華民國政治, 外交 歷史上的獨裁者 以下列錶列齣《現代獨裁者百科全書：從拿破侖到現在》收錄的中華民國獨裁者名稱
0,中華民國政治,該書收錄獨裁者的判斷原則為： : 統治者在追求和行使權力時
0,中華民國政治,將正常政府程序棄而不顧
0,中華民國政治, 使用法律以外手段來達成目的且/或延長其任期
0,中華民國政治, 參考文獻 參見 中華民國政黨 臺灣政治 中華民國總統選舉 中華民國立法委員選舉 臺灣省虛級化 臺灣地方派係 香港親臺團體 臺灣選舉相關 臺灣選舉地理 臺灣北部地區選舉地理 臺灣中部地區選舉地理 臺灣南部地區選舉地理 
1,颱灣政治, 颱灣政治 涵蓋的政府型態、統治者或行政區劃體製
1,颱灣政治,今普遍與中華民國政治相同
1,颱灣政治,事實上於中華民國統治颱灣之前
1,颱灣政治,颱灣具有政治雛形有文字脈落可尋者可遠自1624年颱灣荷西時期後算起
1,颱灣政治,期間歷經明鄭時期、颱灣清治時期、颱灣日治時期與中華民國時期
1,颱灣政治,在此尚不包含颱灣近代之前未經證實的平埔族統治的相關政治型態（如：大肚王國）
1,颱灣政治, 政府 颱灣政府今於現實情況而言通常是指統治颱灣、澎湖、金門、馬祖之中華民國政府或行政院
1,颱灣政治,就主流媒體而言
1,颱灣政治,均稱中華民國政府為颱灣政府
1,颱灣政治,而中國大陸則有時候稱之為颱灣當局
1,颱灣政治, 歷史 而就歷史上
1,颱灣政治,有史料可查最早的颱灣政府
1,颱灣政治,是元明兩朝駐於澎湖的澎湖寨巡檢司地方官署
1,颱灣政治,不過政府管轄範圍僅及颱灣澎湖群島
1,颱灣政治,近現代之後17世紀中期的 颱灣荷西殖民時期 
1,颱灣政治,統治颱灣的政府
1,颱灣政治,分別是颱灣北部的西班牙殖民政府與同時據臺的荷蘭殖民政府
1,颱灣政治,而後者並於1640年代成為颱灣唯一官署政府
1,颱灣政治, 1662年1683年
1,颱灣政治,颱灣政府指的是鄭氏王朝的承天府
1,颱灣政治,1683年1895年
1,颱灣政治,長達兩百餘年的清朝統治下
1,颱灣政治,成為中國地方政府的颱灣政府則是指中國福建省所轄的颱灣道或1885年從福建獨立齣來的颱灣行省
1,颱灣政治, 1895年颱灣邁入日治時期後
1,颱灣政治,颱灣官署或颱灣政府則指行政與軍事專製的颱灣總督府
1,颱灣政治, 而50年後的1945年
1,颱灣政治,中華民國國民政府接管颱灣
1,颱灣政治, 以颱灣省行政長官公署做為統治颱灣的特別行政組織
1,颱灣政治,1948年1950年
1,颱灣政治,中國國共內戰最激烈期間
1,颱灣政治,颱灣政府則為颱灣省政府
1,颱灣政治, 而自1950年代中華民國總統府暨行政院遷颱並穩固陣腳後
1,颱灣政治,颱灣政府自然而然成為中華民國政府代名詞
1,颱灣政治, 礙於意識型態等因素
1,颱灣政治,颱灣政府等同中華民國政府說法
1,颱灣政治,在颱灣仍沒有達成一定共識
1,颱灣政治,不過除瞭颱灣的各國政府機構或媒體
1,颱灣政治,幾乎都是以颱灣政府稱呼現今統治颱灣的行政機關
1,颱灣政治, 中央政府 總統、副總統 總統、副總統任期4年
1,颱灣政治,總統為國傢元首
1,颱灣政治,對外代錶國傢統率全國陸海空軍
1,颱灣政治,依法公布法律、發布命令、宣布戒嚴、任免文武官員、授與榮典、行使大赦、特赦、減刑及復權之權
1,颱灣政治,以及行使締結條約及宣戰、媾和之權
1,颱灣政治, 總統 蔡英文 副總統 陳建仁 行政院 為國傢最高行政機關
1,颱灣政治,置院長1人由總統任命；副院長1人
1,颱灣政治,除部會首長外另有不管部會之政務委員79人
1,颱灣政治,均由行政院院長提請總統任命
1,颱灣政治,共同組成行政院會議
1,颱灣政治,以院長為領導議決重大施政方針及嚮立法院提齣法律、預算、戒嚴、大赦、宣戰、媾和、條約等案
1,颱灣政治, 立法院 為國傢最高立法機關
1,颱灣政治,由人民直接選舉之立法委員組成
1,颱灣政治,代錶人民行使立法權
1,颱灣政治,立法院得對行政院院長提齣不信任案
1,颱灣政治,對總統、副總統犯內亂外患罪提彈劾案及對監察院審計部審計長之任命行使同意權
1,颱灣政治,並有議決法律案、預算案、戒嚴案、大赦案、宣戰案、媾和案、條約案及國傢其他重要事項之職權
1,颱灣政治,立法院置院長、副院長各1人
1,颱灣政治,由立法委員互選產生
1,颱灣政治,立法委員有113席
1,颱灣政治,任期4年有嚮行政院院長及各部會首長質詢之權
1,颱灣政治,並可以決議或覆議行政院重要政策
1,颱灣政治, 院長 蘇嘉全 副院長 蔡其昌 司法院 為國傢最高司法機關
1,颱灣政治,掌理解釋權、審判權、懲戒權、司法行政權
1,颱灣政治,司法院置大法官15人
1,颱灣政治,並以其中1人為院長、1人為副院長
1,颱灣政治,由總統提名經立法院同意任命
1,颱灣政治,大法官以會議方式行使解釋憲法及統一解釋法律、命令之職權
1,颱灣政治,並組成憲法法庭
1,颱灣政治,審理總統、副總統之彈劾及政黨違憲之解散事項
1,颱灣政治,憲法規定法官須超齣黨派以外
1,颱灣政治,獨立行使職權並為終身職
1,颱灣政治,司法院設各級法院、行政法院及公務員懲戒委員會
1,颱灣政治, 院長 賴浩敏 副院長 蔡烱燉 考試院 為國傢最高考試機關
1,颱灣政治,置院長、副院長各1人
1,颱灣政治,考試委員若乾人
1,颱灣政治,均為特任任期為6年
1,颱灣政治,由總統提名經立法院同意任命之
1,颱灣政治,考試委員須超齣黨派以外
1,颱灣政治,依法獨立行使職權
1,颱灣政治,考試院之職掌依憲法增修條文第6條規定為： 1. 考試
1,颱灣政治, 2. 公務人員之銓敘、保障、撫卹、退休
1,颱灣政治, 3. 公務人員任免、考績、級俸、陞遷、褒獎之法製事項
1,颱灣政治, 考試院下設考選部、銓敘部、公務人員保障暨培訓委員會及公務人員退休撫卹基金監理委員會
1,颱灣政治, 監察院 為國傢最高監察機關
1,颱灣政治,行使彈劾、糾舉及審計權
1,颱灣政治,置監察委員29人
1,颱灣政治,並以其中1人為院長
1,颱灣政治,1人為副院長任期6年
1,颱灣政治,由總統提名經立法院同意任命之
1,颱灣政治,監察委員須超齣黨派以外
1,颱灣政治,依據法律獨立行使職權
1,颱灣政治,監察院設審計長
1,颱灣政治,由總統提名經立法院同意任命
1,颱灣政治,審計長應於行政院提齣決算後3個月內
1,颱灣政治,依法完成審核並提齣審核報告於立法院
1,颱灣政治,監察院為行使審計權
1,颱灣政治,設審計部 地方政府 自民國39年4月訂定臺灣省各縣市實施地方自治綱要
1,颱灣政治,及56年、68年分別訂頒臺北市、高雄市各級組織及實施地方自治綱要
1,颱灣政治,並成立地方自治機關及選舉體係
1,颱灣政治,為貫徹地方製度法治化
1,颱灣政治,83年又製定完成省縣自治法及直轄市自治法
1,颱灣政治,建立地方自治之法製體係
1,颱灣政治,臺灣省省長、臺北市市長、高雄市市長於83年底首次由民選產生
1,颱灣政治,87年精省88年製定地方製度法
1,颱灣政治,整體規範地方製度基本法律
1,颱灣政治, 統治者 荷西統治時期 颱灣長官（
1,颱灣政治,亦譯成大員長官、福爾摩沙長官）是指颱灣受荷蘭統治時
1,颱灣政治,由荷蘭聯閤東印度公司所委任的駐颱行政長官
1,颱灣政治,負責內島荷蘭東印度公司統治區的行政事務
1,颱灣政治,從1624年至1662年
1,颱灣政治,共12任 雞籠淡水長官則為颱灣荷西殖民時期
1,颱灣政治,西班牙設於颱灣北部的統治官職名稱
1,颱灣政治,首任長官為1626年攻下北颱灣的伐爾得斯
1,颱灣政治,包含颱灣遠徵軍統帥伐爾得斯
1,颱灣政治,1626年1642年間
1,颱灣政治,擔任此長官職位的西班牙人共有八位
1,颱灣政治,1630年起該職位又分為西班牙雞籠長官與西班牙淡水長官
1,颱灣政治, 明鄭時期 延平郡王為中國南明永曆帝於公元1653年賜於鄭成功的封號
1,颱灣政治,因此一般來說延平郡王指的都是鄭成功
1,颱灣政治,如：颱灣各地今常見的延平郡王祠
1,颱灣政治,不過即使如此繼任鄭氏王朝統治者的鄭經與鄭剋塽亦自稱為延平郡王
1,颱灣政治,而1661年起
1,颱灣政治,延平郡王所轄領土除瞭福建一部份之外
1,颱灣政治,也包含瞭颱灣颱南一帶
1,颱灣政治,尤其是1664年
1,颱灣政治,鄭經失去福建大部領土後
1,颱灣政治,延平郡王實為颱灣南部統治者
1,颱灣政治,較為特殊的是鄭成功與鄭經建颱期間
1,颱灣政治,仍據閩南部分領土
1,颱灣政治,故颱灣事務多由承天府府尹或東寧總製統治治理
1,颱灣政治, 清治時期 颱灣道為清朝特殊行政區劃及官職
1,颱灣政治,就官職而言其職掌介於巡撫與知府之間
1,颱灣政治,而颱灣清治時期這段時間
1,颱灣政治,颱灣道正屬福建省所管轄
1,颱灣政治,地位位階為略低於福建巡撫
1,颱灣政治,但高於如：泉州知府或漳州知府的建製
1,颱灣政治,不過因為颱灣道初設於廈門辦公
1,颱灣政治,清康熙朝爾後管轄範圍與性質又與掌管內政的颱灣府知府相近
1,颱灣政治,因此部分文獻以不同立場稱颱灣知府為此階段臺灣西部實際統治者
1,颱灣政治, 而颱灣巡撫設置於1885年
1,颱灣政治,為颱灣建省後的島內最高地方統治者
1,颱灣政治,同年福建巡撫裁撤
1,颱灣政治,設閩浙總督而建省後的颱灣省正式名稱亦稱為福建颱灣省
1,颱灣政治,1887年颱灣巡撫更名為福建颱灣巡撫
1,颱灣政治,颱灣巡撫或福建颱灣巡撫總管颱灣軍政
1,颱灣政治,在官職上颱灣屬巡撫官銜
1,颱灣政治,品等為正二品或從二品
1,颱灣政治,在官餉方麵以首任巡撫劉銘傳為例：年薪約為155銀兩
1,颱灣政治,養廉銀則為一萬兩
1,颱灣政治,與升格前的按察使颱灣道薪津相距甚大
1,颱灣政治,而當時工人差役一年薪餉則約為二、三十兩左右
1,颱灣政治, 颱灣民主國 大清帝國於甲午戰爭（1894年1895年）中敗給日本
1,颱灣政治,大清與日本簽訂馬關條約
1,颱灣政治,將臺灣和澎湖割讓給日本
1,颱灣政治,1895年5月23日颱灣仕紳組颱灣民主國
1,颱灣政治,唐景崧被推為颱灣民主國的大總統
1,颱灣政治,不久唐景崧內渡
1,颱灣政治,同年6月下旬民主國又在颱南擁立大將軍劉永福為第二任總統
1,颱灣政治,1895年10月
1,颱灣政治,劉永福總統亦兵敗內渡大陸
1,颱灣政治, 日治時期 颱灣總督是指颱灣日治時期
1,颱灣政治,由日本所指派的總督
1,颱灣政治,大清帝國因為甲午戰爭戰敗
1,颱灣政治,在1895年將颱灣割讓給日本
1,颱灣政治,1945年日本於第二次世界大戰中戰敗
1,颱灣政治,日本放棄對颱統治
1,颱灣政治,颱灣日治時期結束
1,颱灣政治,在1895年到1945年半個世紀當中
1,颱灣政治,日本共派任瞭19個總督
1,颱灣政治,可以劃分為以下三個時代：前期武官總督（1895年1919年）、文官總督時代（1919年1937年）、以及後期武官總督（1937年1945年）
1,颱灣政治, 颱灣於1945年10月25日舉行受降典禮
1,颱灣政治,但颱灣總督府的官製至1946年5月31日方正式廢止
1,颱灣政治, 中華民國 颱灣省行政長官是1945年8月29日1947年5月16日
1,颱灣政治,颱灣的實際統治者官職
1,颱灣政治,也是颱灣省行政長官公署的主官
1,颱灣政治,該官職隻短暫維持短短的不到兩年壽命
1,颱灣政治,也僅由陳儀擔任
1,颱灣政治,不過在此短暫統治颱灣期間
1,颱灣政治,颱灣省行政長官還經歷瞭影響後世甚钜的二二八事件
1,颱灣政治, 颱灣省主席為1947年5月16日起之颱灣地方統治者
1,颱灣政治,其中跨越瞭國共內戰之前國民政府時期與遷颱後的中華民國政府
1,颱灣政治,而於1945年戰後至1949年中華民國中央政府未遷颱之前
1,颱灣政治,颱灣省主席為當時為颱灣最高統治者
1,颱灣政治,而其兩任主席分別為：魏道明（1947年5月16日上任）及陳誠（1949年1月5日）
1,颱灣政治,不久國民黨於國共內戰失利
1,颱灣政治,1949年12月7日
1,颱灣政治,行政院長閻錫山正式宣佈中華民國行政院於颱北的介壽館（即總統府）辦公
1,颱灣政治,至此颱灣最高統治者又變成行政院長
1,颱灣政治,而此情形延續到1950年3月
1,颱灣政治,蔣中正移署颱北總統府實際統治颱灣為止
1,颱灣政治, 1950年1月3日
1,颱灣政治,蔣中正於颱灣接管政事
1,颱灣政治,同年3月1日正式復行視事後即進駐總統府
1,颱灣政治,至此蔣成為颱灣最高統治者
1,颱灣政治, 今颱灣統治者之中華民國總統實為中華民國的國傢元首
1,颱灣政治,對內負責政治上的最高責任
1,颱灣政治,全國三軍的最高統帥
1,颱灣政治,對外則代錶國傢行使權責
1,颱灣政治,總統在英文中為
1,颱灣政治, 在國際上與中華民國有邦交的國傢
1,颱灣政治,使用中華民國總統的稱呼
1,颱灣政治,而多數國際主流媒體則採用颱灣總統來稱呼遷颱後的中華民國總統
1,颱灣政治, 行政區劃 颱灣現行的行政區劃
1,颱灣政治,根據中華民國憲法增修條文及地方製度法規定
1,颱灣政治,颱灣分為5個直轄市（一級）、14個縣（二級）、3個市（二級）
1,颱灣政治,另設有尚未法製化的相當於省級的區域聯閤服務中心
1,颱灣政治, 中華民國政府實際統治範圍包括颱灣島、澎湖列島、金門、馬祖列島及蘭嶼、綠島、龜山島、彭佳嶼、小琉球、東沙群島、太平島、中洲島等島嶼
1,颱灣政治, 中華民國實際管轄區共分為6直轄市、13縣、3市 6直轄市：颱北市、新北市、桃園市、颱中市、高雄市、颱南市
1,颱灣政治, 13縣：新竹縣、苗栗縣、彰化縣、南投縣、雲林縣、嘉義縣、屏東縣、宜蘭縣、花蓮縣、颱東縣、澎湖縣、金門縣、連江縣
1,颱灣政治, 3市：基隆市、新竹市、嘉義市
1,颱灣政治, 行政區劃沿革 1661年鄭成功擊敗荷蘭人
1,颱灣政治,五月佔普羅民遮城
1,颱灣政治,改赤崁為東都明京
1,颱灣政治,總名東都設一府二縣
1,颱灣政治,另設一司為澎湖安撫司
1,颱灣政治,鄭成功逝世後其子鄭經廢除承天府與東都
1,颱灣政治,臺灣以東寧王國之稱
1,颱灣政治,升天興縣與萬年縣為州
1,颱灣政治,又於澎湖安撫司外加設南北路兩安撫司
1,颱灣政治, 清朝康熙年間將颱灣島納入版圖後設立瞭颱廈道
1,颱灣政治,與廈門共署並同時隸屬於當時的福建省
1,颱灣政治,（道為中國清朝行政區劃之一
1,颱灣政治,其地位約於府與省之間
1,颱灣政治,）颱灣島方麵設一府三縣
1,颱灣政治,而總管廈門與颱灣的臺廈道道署設於廈門
1,颱灣政治,颱灣府則設於颱南
1,颱灣政治,1723年颱廈道更名為颱灣道
1,颱灣政治,1727年颱灣道正式與廈門分離
1,颱灣政治,並將道署移署於颱南
1,颱灣政治,並同時在颱灣道底下設一府四縣一廳
1,颱灣政治,（劉寧顏編《重修颱灣省通誌》及 ） 1887年
1,颱灣政治,颱灣纔獨立設省
1,颱灣政治,因為與中國大陸福建省仍有部分行政業務
1,颱灣政治,因此官方正式名稱稱為福建颱灣省
1,颱灣政治,不過一般仍稱分治後的颱灣為颱灣省
1,颱灣政治,颱灣建省之後下設颱北府、颱灣府、颱南府三府
1,颱灣政治,此時的颱灣府範圍約是現今的颱灣中部地區
1,颱灣政治, 1684年 颱廈道轄下設一府三縣 1723年 颱廈道改颱灣道
1,颱灣政治,轄下設一府四縣一廳 1727年 設一府四縣二廳 1787年 將諸羅縣改為嘉義縣 1809年 增設噶瑪蘭廳 1875年 設二府八縣四廳 1885年 颱灣建省
1,颱灣政治, 設二府八縣五廳 1887年設三府十一縣四廳一直隸州 1895年至1945年 中華民國時期 1945年8月31日
1,颱灣政治,頒布“颱灣省行政長官公署組織大綱”
1,颱灣政治,9月1日颱灣省行政長官公署在重慶成立臨時辦公處
1,颱灣政治,9月20日正式公布“颱灣省行政長官公署組織條例”
1,颱灣政治,10月25日颱灣省行政長官公署開始在颱灣運作
1,颱灣政治, 1945年颱灣省行政長官公署分設8縣（、新竹縣、颱中縣、颱南縣、高雄縣、花蓮縣、颱東縣、澎湖縣）、9個省轄市（基隆市、颱北市、新竹市、颱中市、彰化市、嘉義市、颱南市、高雄市、屏東市）與2個縣轄市（宜蘭市、花蓮市）
1,颱灣政治,而金門隸屬於福建省金門縣、馬祖列島則分屬於福建省長樂縣、連江縣、羅源縣
1,颱灣政治,烏坵隸屬於福建省莆田縣、東沙島與南沙太平島隸屬於廣東省
1,颱灣政治,1947年4月22日
1,颱灣政治,行政院會議決議撤銷颱灣省行政長官公署
1,颱灣政治,改組為颱灣省政府
1,颱灣政治, 1967年將颱北市改為直轄市
1,颱灣政治,次年納入臺北縣北投、士林（陽明山管理局）、內湖、南港、景美、木柵6鄉鎮
1,颱灣政治,1982年7月
1,颱灣政治,新竹、嘉義二縣轄市升格為省轄市；將原屬新竹縣的香山鄉
1,颱灣政治,劃歸新竹市改為香山區
1,颱灣政治,1998年12月省政府精省開始實施
1,颱灣政治,颱灣省虛級化 2007年地方製度法修正增定準直轄市條款同年10月1日臺北縣升格為準直轄市. 2009年地方製度法再度修正準許縣市單獨或和其他縣市閤併升格為直轄市;6月內政部初審通過臺北縣（單獨）（並更名新北市）、臺中市和臺中縣（閤併）升格為直轄市
1,颱灣政治,高雄市和高雄縣閤併
1,颱灣政治,7月行政院核定、颱南市;颱南縣閤併升格為直轄市
1,颱灣政治,同時核定內政部初審通過的升格案
1,颱灣政治,自2010年12月25日實施
1,颱灣政治, 選舉 颱灣選舉的最高法源來自《中華民國憲法》
1,颱灣政治,該憲法第17條言明人民有選舉之權
1,颱灣政治,除此該法並在相關的國民大會、立法、監察、地方製度、省縣及選舉等等章節
1,颱灣政治,提供颱灣選舉的母法根源
1,颱灣政治,1991年4月起
1,颱灣政治,颱灣歷經7次修憲
1,颱灣政治,其修憲後的中華民國憲法增修條文成為颱灣選舉另一依據的法理基礎
1,颱灣政治, 選舉歷史 颱灣選舉歷史遠從1935年日治時期舉行的州、市、街、莊議員選舉開始
1,颱灣政治,當時官派及民派議員各一半的兩次協議員選舉
1,颱灣政治,雖為颱灣首次選舉
1,颱灣政治,但在三一法的規定下
1,颱灣政治,選舉人設有性別與財產的限製（年滿25歲男性
1,颱灣政治,年納稅額五元以上
1,颱灣政治,600萬颱灣民眾裡麵
1,颱灣政治,閤乎資格公民者僅為2萬8韆人）
1,颱灣政治,選舉規模與代錶性有限
1,颱灣政治, 日治時期的颱灣選舉共於1935年與1939年舉行兩次（參見 1935年颱灣地方選舉 ）
1,颱灣政治,之後因為二戰爆發不再舉行
1,颱灣政治, 1945年颱灣進入中華民國時代
1,颱灣政治,國民政府著手進行推動颱灣的民主化與辦理選舉
1,颱灣政治, 1946年颱灣省行政長官公署舉行各鄉鎮市市民代錶普選
1,颱灣政治,由於沒有性別、種族、宗教、職業、財產等限製
1,颱灣政治,當時630萬颱灣人民中
1,颱灣政治,約有240萬宣誓公民參與選舉
1,颱灣政治,之後該市民代錶也間接選舉選齣各縣縣參議員
1,颱灣政治,而縣參議員則選齣名額為30名的颱灣參議員
1,颱灣政治,由於是颱灣史上首次進行省民意機關選舉
1,颱灣政治,各方參選人十分踴躍
1,颱灣政治,總共參選人高達1181人
1,颱灣政治,其中又以颱南縣485人參選為最高
1,颱灣政治, 1946年製憲國民大會召開
1,颱灣政治,颱灣省派齣代錶赴首都南京參與製憲
1,颱灣政治,1947年1月1日
1,颱灣政治,中華民國憲法公佈
1,颱灣政治,成為中華民國選舉的最高法源
1,颱灣政治,1947年11月21日
1,颱灣政治,中華民國舉行第一屆立法委員與國大代錶選舉
1,颱灣政治,為颱灣首次參與中央層級的選舉
1,颱灣政治,颱灣省選舉齣18席國大代錶與7席立法院
1,颱灣政治,於1948年3月29日
1,颱灣政治,赴南京參與開會
1,颱灣政治,國大代錶並選舉齣中華民國第一屆正副總統
1,颱灣政治, 1950年4月5日
1,颱灣政治,行政院通過颱灣省各縣市地方自治綱要
1,颱灣政治,4月24日正式公佈
1,颱灣政治,7月2日開始實施
1,颱灣政治,颱灣的地方村裏長、鄉鎮市長、鄉鎮市民代錶、縣市長、縣市議員、省議員皆全部完成人民直選
1,颱灣政治,立法委員、國大代錶因內戰因素不進行改選
1,颱灣政治,正副總統依憲法由國民大會代錶選齣
1,颱灣政治, 1969年為瞭進一步擴大國民大會與立法委員在颱灣的代錶性
1,颱灣政治,舉行第一屆中央民代增額補選
1,颱灣政治,1991年動員戡亂時期臨時條款廢止
1,颱灣政治,1992年全麵改選立法委員與國民大會代錶
1,颱灣政治,迴復中央民意機關人民直選
1,颱灣政治, 1996年中華民國正副總統進行民選
1,颱灣政治,中國國民黨候選人李登輝當選
1,颱灣政治,完成首次國傢元首直接民選
1,颱灣政治, 2000年民主進步黨候選人陳水扁當選總統
1,颱灣政治,完成首次政黨輪替
1,颱灣政治, 2003年底
1,颱灣政治,成為東亞第一個立法保障公民投票權的國傢
1,颱灣政治, 2008年中國國民黨候選人馬英九當選總統
1,颱灣政治,完成第二次政黨輪替
1,颱灣政治, 2016年民主進步黨候選人蔡英文當選總統
1,颱灣政治,實現第三次政黨輪替
1,颱灣政治,並成為臺灣首位女性總統
1,颱灣政治, 選舉現況 颱灣大緻上可分為兩大政治勢力
1,颱灣政治,以國民黨為主的泛藍、民進黨為首的泛綠兩大陣營為主
1,颱灣政治,各地的藍綠支持度
1,颱灣政治,可由歷屆選舉結果看齣
1,颱灣政治,粗略上可說是北藍南綠
1,颱灣政治,濁水溪以北支持泛藍的選民較多
1,颱灣政治,以南力挺泛綠的選民較多
1,颱灣政治,其中也有例外之處
1,颱灣政治,例如颱北市、新北市、桃園市等地區被認為是泛藍優勢地區
1,颱灣政治,但颱北市的士林、大同
1,颱灣政治,新北市大漢溪以西的三重、蘆洲、新莊
1,颱灣政治,及桃園市濱海的觀音、新屋等區域反倒是綠軍的常勝之處
1,颱灣政治,又例如高雄市整體是泛綠佔優勢
1,颱灣政治,但其中眷村大本營左營、楠梓卻往往是藍軍勝齣
1,颱灣政治,這種情形與人口的省籍、年齡、性別甚至職業均有關係
1,颱灣政治, 選舉條件 選舉 凡是中華民國之國民
1,颱灣政治,隻要符閤以下條件
1,颱灣政治,即可享有選舉投票權： 具有中華民國國籍 實歲年滿20歲 在該地設籍4個月以上（總統大選及公投須滿6個月） 未受監護宣告 被選舉 所有中華民國公民
1,颱灣政治,隻要符閤以下所有條件
1,颱灣政治,即享有被選舉權： 積極條件：年滿23歲
1,颱灣政治,得於其行使選舉權之選區參選
1,颱灣政治, 消極條件：被選舉人不得有下列任一情事
1,颱灣政治,否則不得登記參選： 犯有內亂外患罪
1,颱灣政治,經判刑確定者 犯有貪汙罪
1,颱灣政治,經判刑確定者 曾犯組織犯罪條例之罪
1,颱灣政治,經判刑確定者 遭褫奪公權尚未復權者 被選舉人不得為現役軍人、軍校學生及替代役男 被選舉人不得為選務 選舉類型 2000年代
1,颱灣政治,依照颱灣選罷法規定
1,颱灣政治,不包含立法院長及各議會議長的間接選舉
1,颱灣政治,解嚴與迴歸憲法後的颱灣選舉約可共分為三大類： 總統選舉 中華民國政府在國民大會通過修憲
1,颱灣政治,凍結部分原憲法條文
1,颱灣政治,適法於中華民國憲法增修條文的總統選舉首次於1996年舉行
1,颱灣政治,透過這場選舉不但讓中華民國總統與人民民意有更直接的連結
1,颱灣政治,也讓中華民國朝真正的民主國傢邁進一步
1,颱灣政治, 中華民國總統選舉因為正副總統一起選舉
1,颱灣政治,因此正式名稱為總統副總統選舉其適用製度法源除瞭憲法之外
1,颱灣政治,最主要就是總統副總統選舉罷免法
1,颱灣政治,該法的重點於： 一、總統選舉機關：總統、副總統選舉由中央選舉委員會主管並指揮、監督省（市 ）、 縣 （ 市 ）選舉委員會辦理之
1,颱灣政治, 二、選舉人（擁有投票權）：包括在國內及現在國外之由中華民國自由地區公民
1,颱灣政治,均得為總統、副總統之選舉人
1,颱灣政治,但在國外之中華民國自由地區公民行使選舉權
1,颱灣政治,需返國為之 三、總統（副總統）候選人資格：在中華民國自由地區繼續居住六個月以上且曾設籍十五年以上之選舉人
1,颱灣政治,年滿40歲得申請登記為總統、副總統候選人
1,颱灣政治,但曾犯內亂、外患罪等、具有外國國籍迴復中華民國國籍、因歸化取得中華民國國籍或大陸地區人民經許可進入臺灣地區者
1,颱灣政治,均不得申請登記
1,颱灣政治, 四、候選人除瞭以上的通則外
1,颱灣政治,為瞭避免候選人過多
1,颱灣政治,影響選情該法還規定總統候選人必須要有主要政黨推薦
1,颱灣政治,而主要政黨定義為：最近任何一次總統、副總統或立法委員選舉（取其一）
1,颱灣政治,其所推薦候選人得票數之和
1,颱灣政治,應達該次選舉有效票總和百分之五以上
1,颱灣政治,二個以上政黨共同推薦一組總統、副總統候選人者
1,颱灣政治,各該政黨推薦候選人之得票數
1,颱灣政治,以推薦政黨數除其推薦候選人得票數計算之
1,颱灣政治, 五、除此為瞭救濟無主要政黨推薦的總統候選人仍可選舉
1,颱灣政治,該法規定該候選人可由公民連署提齣
1,颱灣政治,總統選舉的公民連署定義為：連署人數於第二項規定期間內
1,颱灣政治,已達最近一次立法委員選舉選舉人總數百分之一點五者
1,颱灣政治,此連署的連署人必須具名
1,颱灣政治,且須造冊 國會選舉 立法委員為颱灣唯一的國會選舉
1,颱灣政治,該正式名稱為中央公職人員選舉
1,颱灣政治,經過第七次修憲後
1,颱灣政治,席次減半為113席
1,颱灣政治,採單一選區兩票製
1,颱灣政治,並分為全國不分區立委、僑選立委、區域立委及原住民立委等四種
1,颱灣政治,其中前二種須由政黨提名
1,颱灣政治,選民投得為政黨票；後兩種則是選人的區域立委及原住民立委
1,颱灣政治,每四年選舉一次
1,颱灣政治, 地方公職人員選舉 被選舉人除瞭須符閤積極條件和消極條件外
1,颱灣政治,依據公職人員選舉罷免法規定
1,颱灣政治,地方公職人員競選之年齡還有更詳細之限製： 行政首長：直轄市（颱北市、新北市、颱中市、颱南市及高雄市）市長、縣市長（30歲）、鄉鎮市長（26歲）、村裏長（23歲）
1,颱灣政治, 民意代錶（23歲）：直轄市市議員、縣市議員、鄉鎮市民代錶
1,颱灣政治, 以上所有公職人員一任皆為4年
1,颱灣政治,但行政首長（不含村裏長）隻得連任一次
1,颱灣政治,但村裏長和民意代錶則沒有限製
1,颱灣政治, 選舉方式及原則 於選舉方式方麵
1,颱灣政治,颱灣選舉一般來說
1,颱灣政治,是以普通、平等、直接及無記名單記投票原則行之
1,颱灣政治, 普通原則：所有滿廿歲颱灣公民除瞭受監護宣告而尚未撤銷者之外
1,颱灣政治,皆可參加颱灣選舉成為選舉人
1,颱灣政治, 平等原則：即遵守一人一票
1,颱灣政治,票票等值的原則
1,颱灣政治,每人擁有一票而且每一張票的法律效力是相等的
1,颱灣政治, 直接原則：指選民不用也不可以請他人代為投票
1,颱灣政治,而須自己親自前往投票
1,颱灣政治, 無記名原則：又稱作祕密原則
1,颱灣政治,錶示選票上並毋須簽名
1,颱灣政治,且要保守投票秘密
1,颱灣政治,不可有任何亮票的行為齣現
1,颱灣政治,否則便要負起刑事責任
1,颱灣政治, 政黨 颱灣政黨發展雖自日治時期開始
1,颱灣政治,但真正政黨政治成形與發展是在二次大戰後纔發生
1,颱灣政治,目前以第八屆立委選舉的政黨得票率來看
1,颱灣政治,是以泛藍陣營的中國國民黨與泛綠陣營的民主進步黨兩大政黨為主的兩黨製形態
1,颱灣政治,但有人錶示在解嚴之後的颱灣未被進行轉型正義
1,颱灣政治,仍是相當令人遺憾的事情
1,颱灣政治, 中國國民黨 西元1894年
1,颱灣政治,正值中日甲午戰爭
1,颱灣政治,孫中山赴檀香山號召華僑親友
1,颱灣政治,創立興中會革命救國組織
1,颱灣政治,歷經興中會、同盟會、國民黨、中華革命黨後
1,颱灣政治,於西元1919年正式改組為中國國民黨
1,颱灣政治,之後並於1927年1949年成為中國的執政黨
1,颱灣政治, 1945年中華民國抗戰勝利
1,颱灣政治,並接管颱灣中國國民黨在颱灣設立省黨部
1,颱灣政治,1949年中國國民黨於國共內戰失利
1,颱灣政治,國民黨黨中央隨同中華民國政府退守臺灣
1,颱灣政治,同年12月11日
1,颱灣政治,中國國民黨中央黨部由中國大陸遷往颱北市
1,颱灣政治,並繼續在颱灣長期維持執政黨地位
1,颱灣政治,其黨國不分及利用軍、警、特全麵執行社會控製的統治體製
1,颱灣政治,被稱為黨國體製
1,颱灣政治,1990年代在首位颱灣本省人總統李登輝的領導下
1,颱灣政治,全力推行民主化
1,颱灣政治,然而在其黑金政治與派係政治的包袱下
1,颱灣政治,終於2000年將執政權讓給民主進步黨
1,颱灣政治,但仍持續掌控國會及地方執政優勢
1,颱灣政治,2008年由於民主進步黨飽受弊案睏擾
1,颱灣政治,中國國民黨再次贏得執政權
1,颱灣政治, 民主進步黨 1949年中華民國政府撤退到臺灣後
1,颱灣政治,有黨外人士爭取民主與自由
1,颱灣政治,黨外聲勢逐漸發展壯大
1,颱灣政治,1979年爆發的美麗島事件可以說是黨外運動的高潮
1,颱灣政治,施明德、黃信介等多人因此入獄
1,颱灣政治,1980年代這股黨外實力逐漸組閤、統一
1,颱灣政治,並最終在1986年9月28日由132名與會的黨外後援會在臺北圓山飯店宣佈組建民主進步黨
1,颱灣政治, 1986年組黨後的民進黨參加第一次的立委與國代選舉
1,颱灣政治,總得票率都在20%以上
1,颱灣政治,此後民進黨也發動瞭多次街頭遊行活動
1,颱灣政治,爭取當局解除戒嚴、爭取民代直選與一係列的公共政策調整
1,颱灣政治, 1987年中華民國總統蔣經國宣佈解除戒嚴令
1,颱灣政治,解除報禁、黨禁
1,颱灣政治,民進黨繼續參與臺灣政治
1,颱灣政治,要求總統直選民進黨通過瞭“四個如果”的決議文
1,颱灣政治,稱隻有在國民黨齣賣臺灣人民利益、中共統一臺灣等四個條件成為現實時
1,颱灣政治,民進黨纔會支持臺灣獨立
1,颱灣政治,1989年的縣市長與立委選舉中
1,颱灣政治,民進黨的支持率持續上升
1,颱灣政治,1991年民進黨於第五屆第一次全國代錶大會正式通過颱獨黨綱
1,颱灣政治,黨綱第一條便宣佈民進黨的基本主張通過以住民自決的方式
1,颱灣政治,建立主權獨立自主的臺灣共和國
1,颱灣政治,首次將颱獨的主張提升到黨的主要目標
1,颱灣政治,標誌著民進黨正式成為支持颱獨的政黨
1,颱灣政治, 1992年的立委選舉中
1,颱灣政治,民進黨得票率達33%
1,颱灣政治,次年的縣市長選舉的得票率已經達到44%
1,颱灣政治,1994年在颱北市長的選戰當中
1,颱灣政治,民進黨推齣立法委員陳水扁與新黨趙少康、尋求連任的中國國民黨黃大洲競選
1,颱灣政治,最後贏得勝選顯示民進黨已經能夠藉由國民黨的分裂而與其相互抗衡
1,颱灣政治,1997年民進黨在縣市長選舉中贏得12席
1,颱灣政治,首次超越國民黨
1,颱灣政治,形成地方包圍中央的局麵
1,颱灣政治, 1999年為因應2000年中華民國總統大選
1,颱灣政治,民進黨基本政策作瞭改變
1,颱灣政治,通過《颱灣前途決議文》
1,颱灣政治,文中稱承認颱灣是主權獨立的國傢
1,颱灣政治,國號就是中華民國
1,颱灣政治,以爭取更多的選民認同
1,颱灣政治,並在隨後推選落選的前臺北市長陳水扁與美麗島事件參與人、時任桃園縣縣長的呂秀蓮參選正副總統選舉
1,颱灣政治,選戰過程原本不被外界看好
1,颱灣政治,但由於當時聲望最高的宋楚瑜發生興票案
1,颱灣政治,使得支持度下滑
1,颱灣政治,加上與國民黨提名競選的連戰瓜分選票
1,颱灣政治,最後陳水扁與宋楚瑜以2.5%差距勝選
1,颱灣政治,實現中華民國歷史上的首次藉由民主政黨輪替
1,颱灣政治,民進黨成為執政黨至2008年
1,颱灣政治,執政期間全力推行颱灣本土化運動
1,颱灣政治,使颱灣是主權獨立的國傢觀念成為颱灣民意主流
1,颱灣政治,但也因此使得兩岸關係及颱美關係不時受到考驗
1,颱灣政治,同時由於國會呈現朝小野大局麵
1,颱灣政治,其許多政策無法順利推行
1,颱灣政治,執政後期貪汙醜聞頻傳
1,颱灣政治,於2008年立委選舉及總統選舉失敗
1,颱灣政治,再次成為在野黨
1,颱灣政治, 歷史上的知名政黨 颱灣民眾黨 颱灣民眾黨 成立於日治時期1927年的颱中市
1,颱灣政治,是颱灣人成立的第一個政黨
1,颱灣政治,成立大會由蔡式穀主持
1,颱灣政治,在殖民政府多方的阻撓下
1,颱灣政治,林獻堂、蔣渭水等人不斷更換黨名、修改黨綱
1,颱灣政治,從颱灣自治會、颱灣民黨
1,颱灣政治,最終在有條件的允許下成立
1,颱灣政治,初期主要人物還有李應章、蔡培火等人
1,颱灣政治,黨旗為仿中華民國國旗的三星黨旗
1,颱灣政治,以確立民本政治、建設閤理的經濟組織、改廢社會之缺陷為民眾黨的三大綱要
1,颱灣政治, 而在政治行動上
1,颱灣政治,民眾黨曾提齣市街莊議會由諮詢改為議決機關、議員由官選改為民選等要求
1,颱灣政治,也曾因反對颱灣總督府的鴉片吸食特許政策而嚮國際聯盟提齣控訴
1,颱灣政治,林獻堂等人於1930年成立颱灣地方自治聯盟
1,颱灣政治,1931年颱灣民眾黨遭取締解散
1,颱灣政治,在二二八事件中
1,颱灣政治,不少前颱灣民眾黨員與國民黨閤作
1,颱灣政治,也遭國民黨政府迫害甚至緻死
1,颱灣政治,其中包括臺灣民眾黨經濟委員會委員陳炘等人
1,颱灣政治, 颱灣共產黨 颱灣共產黨是颱灣曆史上的一個共産主義政黨
1,颱灣政治,在共産國際指導下
1,颱灣政治,颱灣青年於1928年上海法租界成立該政黨
1,颱灣政治,根據共産國際對於各國支部一國一黨的組織原則規定
1,颱灣政治,颱共隸屬於日本共產黨領導的臺灣民族支部
1,颱灣政治,由於日共於1945年以前在日本屬於非法
1,颱灣政治,颱共在颱灣日治時期
1,颱灣政治,也被颱灣總督府視為非法政黨而加以取締
1,颱灣政治,颱灣共產黨是日治時期唯一明確提齣颱灣獨立、颱灣革命主張的島內政治組織
1,颱灣政治,而且成功結閤颱灣農民組閤及颱灣文化協會
1,颱灣政治,影響瞭1920年代颱灣社會運動的發展
1,颱灣政治,1931年9月
1,颱灣政治,颱灣共產黨黨員遭大舉逮捕入獄
1,颱灣政治,颱灣共產黨停止運作
1,颱灣政治,宣告覆滅 政黨列錶 政黨主張 政治主張方麵
1,颱灣政治,目前（2019年）颱灣依然是中國國民黨為主的泛藍陣營
1,颱灣政治,以及民主進步黨為主的泛綠陣營兩大政治勢力為最大宗
1,颱灣政治,雙方陣營在颱灣主權地位及對兩岸關係的議題上看法大相逕庭
1,颱灣政治,國民黨為首的泛藍主張維持現狀乃至兩岸統一
1,颱灣政治,值得注意的是近年親民黨在許多議題上與國民黨相去甚遠
1,颱灣政治,甚至認同泛綠陣營的一些政策開始嚮其靠攏
1,颱灣政治,因此不再把親民黨視為泛藍陣營；而民進黨為首的泛綠陣營（包括民進黨及時代力量）則在黨綱主張：颱獨建立主權獨立的颱灣共和國
1,颱灣政治,在政黨輪替後政黨惡鬥經常發生：泛藍指責泛綠搞民粹
1,颱灣政治,宣布獨立將使颱海陷入戰爭；泛綠指責泛藍轉變立場
1,颱灣政治,由反共走嚮親中
1,颱灣政治,兩黨的互鬥亦逐步形成當今的颱灣選舉地理
1,颱灣政治,值得說明的是政黨惡鬥不隻颱灣有
1,颱灣政治,其他民主國傢像美國的民主黨跟共和黨在競爭時
1,颱灣政治,亦常齣現政黨惡鬥之舉
1,颱灣政治, 在修憲與總統直選後的民主鞏固時代
1,颱灣政治,支持獨立的比例緩步微升、且通常穩定地高於支持統一的比例
1,颱灣政治,而均低於支持維持現狀的比例
1,颱灣政治,換言之與中國大陸的任何政治結閤在颱灣都是最缺乏民意基礎與政治市場的選項
1,颱灣政治,2010年12月
1,颱灣政治,陸委會所作的民意調查
1,颱灣政治,高達87.3%的絕大部分颱灣民衆認為應該維持現狀：儘快宣布獨立：6.4%；維持現狀
1,颱灣政治,以後走嚮獨立：17.6%；永遠維持現狀：28.4%；維持現狀
1,颱灣政治,看情形再決定獨立或統一：34.2%；維持現狀
1,颱灣政治,以後走嚮統一：7.1%；儘快統一：1.2%；不知道無意見：5.2%
1,颱灣政治, 參見 註解 參考文獻 工資低仲介費高雇主不好相處 颱灣外勞生存難 外部連結 維基文庫中有關地名譯寫原則的文本 
